Workbook
Name Slicer_Age_Group: #N/A
Name Slicer_Attrition: #N/A
Name Slicer_Department: #N/A
Name Slicer_Employment_Status: #N/A
Name Slicer_Hire_year: #N/A
Name Slicer_Salary_bamd: #N/A

Sheet Raw_HR_Data
A1: Employee_ID | B1: Full_Name | C1: Department | D1: Job_Title | E1: Gender | F1: Age | G1: Date_Hired | H1: Date_Left | I1: Employment_Status | J1: Salary_NGN | K1: Performance_Score | L1: Years_Experience | M1: Education_Level | N1: Attrition
A2: EMP-4001 | B2: Jide Garba | C2: Marketing | D2: Director | E2: Male | F2: 29 | G2: 22-08-2020 | I2: Active | J2: 872210.52 | K2: 5 | L2: 4.8 | M2: OND | N2: No
A3: EMP-4002 | B3: Tayo Okonkwo | C3: Operations | D3: Analyst | E3: Female | F3: 33 | G3: 12-06-2023 | H3: 12-10-2026 | I3: Terminated | J3: 339681.12 | K3: 3 | L3: 2.3 | M3: OND | N3: Yes
A4: EMP-4003 | B4: Jide Musa | C4: Marketing | D4: Director | E4: Male | F4: 26 | G4: 16-06-2019 | H4: 09-11-2023 | I4: Terminated | J4: 925355.42 | K4: 5 | L4: 1.5 | M4: MSc | N4: Yes
A5: EMP-4004 | B5: Emeka Mohammed | C5: HR | D5: Specialist | E5: Male | F5: 56 | G5: 08-08-2019 | I5: Active | J5: 970438.15 | K5: 5 | L5: 19.5 | M5: HND | N5: No
A6: EMP-4005 | B6: Tayo Adeleke | C6: Legal | D6: Director | E6: Male | F6: 58 | G6: 26-08-2021 | I6: Active | J6: 276446.95 | K6: 4 | L6: 0.3 | M6: BSc | N6: No
A7: EMP-4006 | B7: Amaka Musa | C7: Finance | D7: Executive | E7: Female | F7: 29 | G7: 09-06-2020 | H7: 01-02-2024 | I7: Terminated | J7: 159457.66 | K7: 4 | L7: 16.5 | M7: BSc | N7: Yes
A8: EMP-4007 | B8: Seun Okafor | C8: HR | D8: Analyst | E8: Woman | F8: 44 | G8: 29-07-2023 | H8: 17-04-2027 | I8: Resigned | J8: 168321.51 | K8: 4 | L8: 2.9 | M8: BSc | N8: Yes
A9: EMP-4008 | B9: Chidi Adeyemi | C9: HR | D9: Specialist | E9: Male | F9: 46 | G9: 02-09-2021 | I9: Active | J9: 1294403.7 | K9: 2 | L9: 5.2 | M9: BSc | N9: No
A10: EMP-4009 | B10: Tobi Osei | C10: IT | D10: Analyst | E10: Male | F10: 36 | G10: 06-10-2022 | I10: Active | J10: 618413.71 | K10: 5 | L10: 14.2 | M10: M.Sc | N10: No
A11: EMP-4010 | B11: Ngozi Nwosu | C11: HR | D11: Specialist | E11: Female | F11: 40 | G11: 13-01-2022 | I11: Active | J11: 724307.49 | K11: 2 | L11: 0.4 | M11: PhD | N11: No
A12: EMP-4011 | B12: Yusuf Adeleke | C12: Finance | D12: Senior Analyst | E12: Male | F12: 27 | G12: 11-09-2022 | H12: 18-01-2026 | I12: Resigned | J12: 1043804 | K12: 4 | L12: 3.3 | M12: PhD | N12: Yes
A13: EMP-4012 | B13: Zainab Abiodun | C13: Admin | D13: Associate | E13: Male | F13: 49 | G13: 29-09-2023 | I13: Active | J13: 1307309.8 | K13: 1 | L13: 17.2 | M13: HND | N13: No
A14: EMP-4013 | B14: Emeka Eze | C14: Operations | D14: Executive | E14: Female | F14: 55 | G14: 18-03-2021 | I14: Active | J14: 648584.73 | K14: 3 | L14: 7.6 | M14: OND | N14: No
A15: EMP-4014 | B15: Zainab Mohammed | C15: Operations | D15: Manager | E15: male | F15: 30 | G15: 07-01-2021 | H15: 31-05-2025 | I15: Resigned | J15: 381203.33 | K15: 5 | L15: 12.5 | M15: OND | N15: Yes
A16: EMP-4015 | B16: Chisom Adeleke | C16: Finance | D16: Manager | E16: Male | F16: 39 | G16: 16-06-2023 | I16: Active | K16: 3 | L16: 1.2 | M16: OND | N16: No
A17: EMP-4016 | B17: Sade Suleiman | C17: HR | D17: Coordinator | E17: Male | F17: 45 | G17: 19-07-2021 | H17: 04-03-2026 | I17: Resigned | J17: 146963.95 | K17: 2 | L17: 9.9 | M17: OND | N17: Yes
A18: EMP-4017 | B18: Yusuf Danjuma | C18: Finance | D18: Manager | E18: Male | F18: 46 | G18: 2023/05/20 | I18: Active | J18: 1387643 | K18: 3 | L18: 16.4 | M18: HND | N18: No
A19: EMP-4018 | B19: Tobi Mohammed | C19: HR | D19: Analyst | E19: Female | F19: 54 | G19: 04-01-2023 | I19: Active | J19: 1127352.9 | K19: 0 | L19: 10.8 | M19: MSC | N19: No
A20: EMP-4019 | B20: Emeka Musa | C20: Marketing | D20: Director | E20: Female | F20: 58 | G20: 13-06-2021 | H20: 09-02-2024 | I20: Resigned | J20: 650714.82 | K20: 1 | L20: 4.2 | M20: OND | N20: Yes
A21: EMP-4020 | B21: Zainab Garba | C21: Sales | D21: Associate | E21: Male | F21: 54 | G21: 23-10-2021 | I21: Active | J21: 992561.84 | K21: 3 | L21: 7.1 | M21: MSc | N21: No
A22: EMP-4021 | B22: Tobi Fashola | C22: IT | D22: Coordinator | E22: Woman | F22: 40 | G22: 12-09-2020 | I22: Active | J22: 1068312 | K22: 1 | L22: 9.6 | M22: BSc | N22: No
A23: EMP-4022 | B23: Jide Okafor | C23: IT | D23: Analyst | E23: Female | F23: 48 | G23: 04-06-2021 | I23: Active | J23: 955755.03 | K23: 4 | L23: 17.5 | M23: BSc
A24: EMP-4023 | B24: Olu Fashola | C24: Admin | D24: Specialist | E24: Female | F24: 32 | G24: 02-03-2021 | I24: Active | J24: 866969.06 | K24: 5 | L24: 15 | M24: BSc | N24: No
A25: EMP-4024 | B25: Sade Okafor | C25: Operations | D25: Specialist | E25: Female | F25: 58 | G25: 12-02-2019 | I25: Active | J25: 631365.7 | K25: 3 | L25: 13.1 | M25: OND | N25: No
A26: EMP-4025 | B26: Halima Fashola | C26: Sales | D26: Senior Analyst | E26: Male | F26: 50 | G26: 02-12-2022 | H26: 03-05-2024 | I26: Resigned | J26: 779793.35 | K26: 3 | L26: 6.9 | M26: BSc | N26: Yes
A27: EMP-4026 | B27: Jide Balogun | C27: IT | D27: Executive | E27: Female | F27: 23 | G27: 28-08-2021 | I27: Active | J27: 803839.55 | K27: 4 | L27: 4.6 | M27: OND | N27: No
A28: EMP-4027 | B28: Amaka Musa | C28: HR | D28: Associate | E28: Male | F28: 27 | G28: 04-03-2019 | I28: Active | J28: 588950.28 | K28: 4 | L28: 5.6 | M28: HND | N28: No
A29: EMP-4028 | B29: Yusuf Eze | C29: Sales | D29: Director | E29: M | F29: 58 | G29: 07-01-2023 | H29: 06-07-2024 | I29: Resigned | J29: 473873.91 | K29: 3 | L29: 1.1 | M29: OND | N29: Yes
A30: EMP-4029 | B30: Musa Mohammed | C30: Marketing | D30: Executive | E30: Female | F30: 52 | G30: 18-05-2020 | I30: Active | J30: 760893.91 | K30: 4 | L30: 14.5 | M30: OND | N30: No
A31: EMP-4030 | B31: Olu Ibrahim | C31: Sales | D31: Senior Analyst | E31: Male | F31: 53 | G31: 24-04-2020 | I31: Active | K31: 5 | L31: -1.2 | M31: HND | N31: No
A32: EMP-4031 | B32: Emeka Musa | C32: Sales | D32: Executive | E32: Male | F32: 23 | G32: 02-04-2019 | I32: Active | J32: 1434665.5 | K32: 2 | L32: 15.5 | M32: OND | N32: No
A33: EMP-4032 | B33: Chidi Danjuma | C33: HR | D33: Director | E33: Female | F33: 36 | G33: 18-05-2022 | I33: Active | J33: 1188750.1 | K33: 3 | L33: 6.6 | M33: BSc | N33: No
A34: EMP-4033 | B34: Emeka Musa | C34: Admin | D34: Senior Analyst | E34: Female | F34: 52 | G34: 18-04-2021 | I34: Active | J34: 122359.87 | K34: 1 | L34: 1 | M34: BSc | N34: No
A35: EMP-4034 | B35: Ada Musa | C35: Operations | D35: Specialist | E35: Male | F35: 39 | G35: 2021/05/16 | H35: 2024/12/02 | I35: Resigned | J35: 946761.29 | K35: 4 | L35: 0.7 | M35: HND | N35: Yes
A36: EMP-4035 | B36: Olu Osei | C36: HR | D36: Senior Analyst | E36: MALE | F36: 40 | G36: 24-08-2019 | H36: 15-03-2022 | I36: Terminated | J36: 101757.79 | K36: 3 | L36: 5.4 | M36: MSc | N36: Yes
A37: EMP-4036 | B37: Blessing Nwosu | C37: Sales | D37: Senior Analyst | E37: Male | F37: 57 | G37: 10-09-2022 | H37: 25-05-2027 | I37: Terminated | J37: 1299874.5 | K37: 0 | L37: 14.2 | M37: Bsc | N37: Yes
A38: EMP-4037 | B38: Chidi Danjuma | C38: Legal | D38: Director | E38: Female | F38: 30 | G38: 11-09-2019 | H38: 14-10-2020 | I38: Terminated | J38: 1385149 | K38: 2 | L38: 12.7 | M38: PhD | N38: Yes
A39: EMP-4038 | B39: Remi Nwosu | C39: Legal | D39: Manager | E39: Male | F39: 23 | G39: 29-08-2019 | I39: Active | J39: 118976.86 | K39: 3 | L39: 8.4 | M39: PhD | N39: No
A40: EMP-4039 | B40: Jide Balogun | C40: Marketing | D40: Senior Analyst | E40: Female | F40: 27 | G40: 25-12-2022 | I40: Active | J40: 1122494 | K40: 2 | L40: 15.4 | M40: PhD | N40: No
A41: EMP-4040 | B41: Femi Suleiman | C41: Legal | D41: Analyst | E41: Male | F41: 35 | G41: 19-03-2019 | H41: 27-11-2021 | I41: Terminated | J41: 236697.58 | K41: 5 | L41: 3.1 | M41: OND | N41: Yes
A42: EMP-4041 | B42: Ada Balogun | C42: IT | D42: Coordinator | E42: Female | F42: 30 | G42: 18-05-2019 | I42: Active | J42: 181814.04 | K42: 4 | L42: 15.5 | M42: HND | N42: No
A43: EMP-4042 | B43: Femi Okafor | C43: IT | D43: Director | E43: Woman | F43: 23 | G43: 19-04-2021 | H43: 26-01-2024 | I43: Terminated | J43: 441628.89 | K43: 1 | L43: 19.9 | M43: BSc | N43: Yes
A44: EMP-4043 | B44: Remi Okafor | C44: Finance | D44: Manager | E44: Female | F44: 40 | G44: 14-07-2019 | I44: Active | J44: 698048.35 | K44: 4 | L44: 6.3 | M44: BSc | N44: No
A45: EMP-4044 | B45: Zainab Danjuma | C45: Sales | D45: Coordinator | E45: Female | F45: 23 | G45: 17-09-2020 | H45: 08-10-2022 | I45: Terminated | J45: 201579.78 | K45: 2 | L45: 18.7 | M45: BSc
A46: EMP-4045 | B46: Ngozi Musa | C46: HR | D46: Executive | E46: Female | F46: 25 | G46: 25-12-2023 | H46: 28-09-2028 | I46: Terminated | K46: 3 | L46: 4.7 | M46: HND | N46: Yes
A47: EMP-4046 | B47: Tobi Adeyemi | C47: Finance | D47: Associate | E47: Female | F47: 24 | G47: 03-06-2021 | H47: 04-03-2024 | I47: Terminated | J47: 967121.22 | K47: 3 | L47: 1.6 | M47: BSc | N47: Yes
A48: EMP-4047 | B48: Musa Adeyemi | C48: Legal | D48: Coordinator | E48: Male | F48: 37 | G48: 15-03-2021 | I48: Active | J48: 1048085.8 | K48: 5 | L48: 6.8 | M48: PhD | N48: No
A49: EMP-4048 | B49: Tayo Okonkwo | C49: Legal | D49: Associate | E49: Female | F49: 34 | G49: 19-01-2019 | I49: Active | J49: 1274595.5 | K49: 1 | L49: 1.9 | M49: PhD | N49: No
A50: EMP-4049 | B50: Zainab Eze | C50: Sales | D50: Executive | E50: MALE | F50: 36 | G50: 15-08-2021 | I50: Active | J50: 332588.6 | K50: 2 | L50: 15.5 | M50: HND | N50: No
A51: EMP-4050 | B51: Ada Adeleke | C51: IT | D51: Associate | E51: Male | F51: 49 | G51: 18-02-2021 | H51: 04-09-2022 | I51: Resigned | J51: 1202518.9 | K51: 5 | L51: 2 | M51: OND | N51: Yes
A52: EMP-4051 | B52: Chisom Danjuma | C52: IT | D52: Director | E52: Male | F52: 30 | G52: 2021/04/02 | I52: Active | J52: 300519.62 | K52: 1 | L52: 13.8 | M52: MSc | N52: No
A53: EMP-4052 | B53: Remi Suleiman | C53: Finance | D53: Analyst | E53: Female | F53: 52 | G53: 26-11-2021 | H53: 14-01-2025 | I53: Resigned | J53: 134724.98 | K53: 3 | L53: 3.2 | M53: HND | N53: Yes
A54: EMP-4053 | B54: Chidi Adeleke | C54: HR | D54: Senior Analyst | E54: Female | F54: 29 | G54: 18-01-2021 | I54: Active | J54: 212867.47 | K54: 4 | L54: 18.4 | M54: OND | N54: No
A55: EMP-4054 | B55: Sade Adeyemi | C55: IT | D55: Manager | E55: Male | F55: 52 | G55: 24-12-2020 | I55: Active | J55: 443985.51 | K55: 10 | L55: 18.8 | M55: MSC | N55: No
A56: EMP-4055 | B56: Zainab Ibrahim | C56: Admin | D56: Specialist | E56: Male | F56: 31 | G56: 13-09-2023 | I56: Active | J56: 230025.85 | K56: 1 | L56: 6.4 | M56: PhD | N56: No
A57: EMP-4056 | B57: Yusuf Abiodun | C57: Marketing | D57: Director | E57: MALE | F57: 50 | G57: 11-11-2021 | I57: Active | J57: 233132.05 | K57: 1 | L57: 14.9 | M57: MSc | N57: No
A58: EMP-4057 | B58: Tobi Osei | C58: IT | D58: Specialist | E58: Male | F58: 58 | G58: 16-06-2019 | H58: 27-11-2021 | I58: Resigned | J58: 328330.82 | K58: 5 | L58: 6 | M58: PhD | N58: Yes
A59: EMP-4058 | B59: Amaka Suleiman | C59: Sales | D59: Executive | E59: Male | F59: 28 | G59: 01-11-2022 | H59: 17-08-2026 | I59: Resigned | J59: 1184149.1 | K59: 1 | L59: 18.7 | M59: HND | N59: Yes
A60: EMP-4059 | B60: Blessing Eze | C60: Sales | D60: Manager | E60: Female | F60: 42 | G60: 14-09-2022 | I60: Active | J60: 961567.63 | K60: 1 | L60: 0.9 | M60: OND | N60: No
A61: EMP-4060 | B61: Ada Adeleke | C61: Finance | D61: Specialist | E61: Male | F61: 46 | G61: 04-08-2022 | I61: Active | K61: 2 | L61: -4.6 | M61: PhD | N61: No
A62: EMP-4061 | B62: Yusuf Nwosu | C62: Admin | D62: Senior Analyst | E62: Male | F62: 51 | G62: 19-02-2021 | I62: Active | J62: 1018907.4 | K62: 2 | L62: 9.7 | M62: PhD | N62: No
A63: EMP-4062 | B63: Tobi Musa | C63: Sales | D63: Coordinator | E63: Female | F63: 30 | G63: 04-05-2022 | I63: Active | J63: 780556.51 | K63: 5 | L63: 8.8 | M63: OND | N63: No
A64: EMP-4063 | B64: Tayo Osei | C64: Legal | D64: Associate | E64: MALE | F64: 30 | G64: 24-03-2022 | I64: Active | J64: 408153.91 | K64: 4 | L64: 3.5 | M64: HND | N64: No
A65: EMP-4064 | B65: Emeka Okonkwo | C65: HR | D65: Coordinator | E65: Female | F65: 36 | G65: 03-05-2022 | I65: Active | J65: 687552.88 | K65: 5 | L65: 12.4 | M65: PhD | N65: No
A66: EMP-4065 | B66: Tobi Okonkwo | C66: IT | D66: Senior Analyst | E66: Male | F66: 43 | G66: 17-04-2020 | H66: 28-05-2023 | I66: Terminated | J66: 630800.52 | K66: 2 | L66: 12.4 | M66: OND | N66: Yes
A67: EMP-4066 | B67: Seun Abiodun | C67: Admin | D67: Associate | E67: Male | F67: 43 | G67: 29-01-2019 | I67: Active | J67: 1395490.7 | K67: 4 | L67: 18.8 | M67: HND
A68: EMP-4067 | B68: Jide Fashola | C68: Marketing | D68: Specialist | E68: Female | F68: 26 | G68: 25-04-2019 | I68: Active | J68: 1441418.6 | K68: 2 | L68: 13.8 | M68: OND | N68: No
A69: EMP-4068 | B69: Blessing Adeleke | C69: Marketing | D69: Senior Analyst | E69: Male | F69: 39 | G69: 2021/07/22 | I69: Active | J69: 672132.95 | K69: 1 | L69: 8.4 | M69: MSc | N69: No
A70: EMP-4069 | B70: Sade Nwosu | C70: Sales | D70: Manager | E70: Female | F70: 44 | G70: 11-09-2023 | H70: 06-05-2026 | I70: Resigned | J70: 940479.45 | K70: 3 | L70: 18.9 | M70: HND | N70: Yes
A71: EMP-4070 | B71: Chidi Danjuma | C71: Admin | D71: Manager | E71: MALE | F71: 48 | G71: 22-06-2019 | H71: 05-06-2024 | I71: Terminated | J71: 1461221.2 | K71: 3 | L71: 11 | M71: BSc | N71: Yes
A72: EMP-4071 | B72: Emeka Ibrahim | C72: Marketing | D72: Analyst | E72: Male | F72: 35 | G72: 06-05-2019 | H72: 25-12-2023 | I72: Terminated | J72: 684195.57 | K72: 5 | L72: 18.1 | M72: PhD | N72: Yes
A73: EMP-4072 | B73: Olu Suleiman | C73: HR | D73: Coordinator | E73: Female | F73: 43 | G73: 16-04-2022 | H73: 23-05-2024 | I73: Resigned | J73: 479788.22 | K73: 0 | L73: 2.7 | M73: M.Sc | N73: Yes
A74: EMP-4073 | B74: Halima Fashola | C74: Legal | D74: Specialist | E74: Male | F74: 56 | G74: 13-04-2021 | H74: 13-08-2022 | I74: Terminated | J74: 934800.46 | K74: 1 | L74: 12.4 | M74: OND | N74: Yes
A75: EMP-4074 | B75: Chidi Okafor | C75: Finance | D75: Analyst | E75: Male | F75: 58 | G75: 25-07-2021 | I75: Active | J75: 1107539.3 | K75: 1 | L75: 14 | M75: BSc | N75: No
A76: EMP-4075 | B76: Chidi Okafor | C76: Sales | D76: Associate | E76: Female | F76: 38 | G76: 07-04-2020 | H76: 28-11-2020 | I76: Resigned | K76: 2 | L76: 16.6 | M76: PhD | N76: Yes
A77: EMP-4076 | B77: Emeka Adeyemi | C77: IT | D77: Director | E77: Male | F77: 33 | G77: 09-05-2020 | I77: Active | J77: 159893.42 | K77: 2 | L77: 13.4 | M77: MSc | N77: No
A78: EMP-4077 | B78: Musa Nwosu | C78: Sales | D78: Manager | E78: Woman | F78: 40 | G78: 27-03-2023 | I78: Active | J78: 1158196.6 | K78: 1 | L78: 5.9 | M78: BSc | N78: No
A79: EMP-4078 | B79: Jide Eze | C79: Sales | D79: Associate | E79: Female | F79: 49 | G79: 02-09-2022 | H79: 10-06-2025 | I79: Resigned | J79: 1065867.5 | K79: 1 | L79: 19 | M79: OND | N79: Yes
A80: EMP-4079 | B80: Sade Okonkwo | C80: Admin | D80: Analyst | E80: Female | F80: 23 | G80: 07-03-2019 | H80: 07-06-2020 | I80: Terminated | J80: 821058.13 | K80: 1 | L80: 3.2 | M80: MSc | N80: Yes
A81: EMP-4080 | B81: Ngozi Okonkwo | C81: IT | D81: Analyst | E81: Female | F81: 34 | G81: 13-06-2020 | H81: 26-06-2023 | I81: Terminated | J81: 938504.62 | K81: 1 | L81: 16.4 | M81: BSc | N81: Yes
A82: EMP-4080 | B82: Chisom Balogun | C82: HR | D82: Executive | E82: Female | F82: 27 | G82: 19-12-2023 | I82: Active | J82: 264131.54 | K82: 1 | L82: 1.7 | M82: B.Sc | N82: No
A83: EMP-4082 | B83: Chidi Osei | C83: Admin | D83: Coordinator | E83: Female | F83: 50 | G83: 01-02-2021 | H83: 14-12-2024 | I83: Resigned | J83: 137072.72 | K83: 1 | L83: 2.5 | M83: OND | N83: Yes
A84: EMP-4083 | B84: Remi Suleiman | C84: Operations | D84: Coordinator | E84: Female | F84: 56 | G84: 21-07-2021 | I84: Active | J84: 437271.07 | K84: 4 | L84: 14.8 | M84: BSc | N84: No
A85: EMP-4084 | B85: Jide Abiodun | C85: Finance | D85: Manager | E85: female | F85: 49 | G85: 28-06-2020 | I85: Active | J85: 884231.78 | K85: 1 | L85: 7.4 | M85: HND | N85: No
A86: EMP-4085 | B86: Chisom Nwosu | C86: Sales | D86: Associate | E86: Male | F86: 50 | G86: 2022/06/30 | I86: Active | J86: 945722.23 | K86: 4 | L86: 11.9 | M86: PhD | N86: No
A87: EMP-4086 | B87: Ada Okonkwo | C87: Legal | D87: Coordinator | E87: Male | F87: 24 | G87: 06-11-2021 | I87: Active | J87: 1260548.4 | K87: 1 | L87: 0.2 | M87: BSc | N87: No
A88: EMP-4087 | B88: Zainab Nwosu | C88: Sales | D88: Coordinator | E88: Female | F88: 45 | G88: 24-12-2019 | H88: 23-02-2021 | I88: Resigned | J88: 256774.06 | K88: 3 | L88: 3.3 | M88: HND | N88: Yes
A89: EMP-4088 | B89: Ada Nwosu | C89: IT | D89: Associate | E89: Male | F89: 30 | G89: 30-12-2022 | H89: 14-03-2025 | I89: Terminated | J89: 625290.79 | K89: 5 | L89: 12.5 | M89: OND
A90: EMP-4089 | B90: Ngozi Ibrahim | C90: Finance | D90: Senior Analyst | E90: Male | F90: 39 | G90: 08-01-2021 | H90: 06-06-2025 | I90: Terminated | J90: 127975.76 | K90: 2 | L90: 3.4 | M90: BSc | N90: Yes
A91: EMP-4090 | B91: Sade Abiodun | C91: IT | D91: Specialist | E91: Female | F91: 27 | G91: 28-11-2021 | I91: Active | K91: 0 | L91: -3.9 | M91: hnd | N91: No
A92: EMP-4091 | B92: Chidi Okonkwo | C92: Sales | D92: Coordinator | E92: Woman | F92: 48 | G92: 25-04-2019 | I92: Active | J92: 1171379.1 | K92: 3 | L92: 2.7 | M92: MSc | N92: No
A93: EMP-4092 | B93: Blessing Osei | C93: HR | D93: Senior Analyst | E93: Male | F93: 48 | G93: 17-04-2023 | I93: Active | J93: 335064.97 | K93: 3 | L93: 7.7 | M93: HND | N93: No
A94: EMP-4093 | B94: Emeka Musa | C94: Sales | D94: Coordinator | E94: Female | F94: 38 | G94: 27-07-2020 | I94: Active | J94: 699445.76 | K94: 2 | L94: 13.4 | M94: MSc | N94: No
A95: EMP-4094 | B95: Musa Adeleke | C95: Sales | D95: Coordinator | E95: Female | F95: 54 | G95: 30-08-2021 | I95: Active | J95: 88861.14 | K95: 2 | L95: 6.4 | M95: HND | N95: No
A96: EMP-4095 | B96: Nkechi Okonkwo | C96: HR | D96: Specialist | E96: Male | F96: 47 | G96: 07-05-2019 | I96: Active | J96: 614800.73 | K96: 5 | L96: 3.9 | M96: BSc | N96: No
A97: EMP-4096 | B97: Olu Adeyemi | C97: IT | D97: Manager | E97: Male | F97: 48 | G97: 14-10-2022 | H97: 07-02-2025 | I97: Resigned | J97: 815266.47 | K97: 5 | L97: 3.6 | M97: HND | N97: Yes
A98: EMP-4097 | B98: Blessing Suleiman | C98: IT | D98: Senior Analyst | E98: Male | F98: 46 | G98: 01-06-2022 | I98: Active | J98: 1120160.4 | K98: 3 | L98: 13 | M98: HND | N98: No
A99: EMP-4098 | B99: Blessing Mohammed | C99: HR | D99: Executive | E99: M | F99: 27 | G99: 29-08-2019 | H99: 06-03-2024 | I99: Resigned | J99: 715390.14 | K99: 4 | L99: 6.7 | M99: OND | N99: Yes
A100: EMP-4099 | B100: Musa Adeleke | C100: Finance | D100: Manager | E100: Male | F100: 38 | G100: 02-01-2021 | I100: Active | J100: 1324827.7 | K100: 4 | L100: 1 | M100: B.Sc | N100: No
...

Sheet cleaned_data
A1: Employee_ID | B1: Full_Name | C1: Department | D1: Job_Title | E1: Gender | F1: Age | G1: Date_Hired | H1: Date_Left | I1: Employment_Status | J1: Performance_Score | K1: Column1 | L1: Years_Experience | M1: Education_Level | N1: Salary_NG | O1: Attrition | P1: Tenure_year | Q1: Age_Group | R1: Salary_bamd | S1: Hire_year
A2: EMP-4001 | B2: Jide Garba | C2: Marketing | D2: Director | E2: Male | F2: 29 | G2: 44065 | I2: Active | J2: 5 | L2: 4.8 | M2: OND | N2: 872210.52 | O2: No | P2: 5.8 | Q2: Under 30 | R2: High | S2: =YEAR(Cleaned_data[[#This Row],[Date_Hired]]) -> 2020
A3: EMP-4002 | B3: Tayo Okonkwo | C3: Operations | D3: Analyst | E3: Female | F3: 33 | G3: 45089 | H3: 46307 | I3: Terminated | J3: 3 | L3: 2.3 | M3: OND | N3: 339681.12 | O3: Yes | P3: 3.3 | Q3: 30-40 | R3: Mid | S3: =YEAR(Cleaned_data[[#This Row],[Date_Hired]]) -> 2023
A4: EMP-4003 | B4: Jide Musa | C4: Marketing | D4: Director | E4: Male | F4: 26 | G4: 43632 | H4: 45239 | I4: Terminated | J4: 5 | L4: 1.5 | M4: MSc | N4: 925355.42 | O4: Yes | P4: 4.4 | Q4: Under 30 | R4: High | S4: =YEAR(Cleaned_data[[#This Row],[Date_Hired]]) -> 2019
A5: EMP-4004 | B5: Emeka Mohammed | C5: HR | D5: Specialist | E5: Male | F5: 56 | G5: 43685 | I5: Active | J5: 5 | L5: 19.5 | M5: HND | N5: 970438.15 | O5: No | P5: 6.8 | Q5: Above 50 | R5: High | S5: =YEAR(Cleaned_data[[#This Row],[Date_Hired]]) -> 2019
A6: EMP-4005 | B6: Tayo Adeleke | C6: Legal | D6: Director | E6: Male | F6: 58 | G6: 44434 | I6: Active | J6: 4 | L6: 0.3 | M6: BSc | N6: 276446.95 | O6: No | P6: 4.8 | Q6: Above 50 | R6: Low | S6: =YEAR(Cleaned_data[[#This Row],[Date_Hired]]) -> 2021
A7: EMP-4006 | B7: Amaka Musa | C7: Finance | D7: Executive | E7: Female | F7: 29 | G7: 43991 | H7: 45323 | I7: Terminated | J7: 4 | L7: 16.5 | M7: BSc | N7: 159457.66 | O7: Yes | P7: 3.6 | Q7: Under 30 | R7: Low | S7: =YEAR(Cleaned_data[[#This Row],[Date_Hired]]) -> 2020
A8: EMP-4007 | B8: Seun Okafor | C8: HR | D8: Analyst | E8: Female | F8: 44 | G8: 45136 | H8: 46494 | I8: Resigned | J8: 4 | L8: 2.9 | M8: BSc | N8: 168321.51 | O8: Yes | P8: 3.7 | Q8: 41-50 | R8: Low | S8: =YEAR(Cleaned_data[[#This Row],[Date_Hired]]) -> 2023
A9: EMP-4008 | B9: Chidi Adeyemi | C9: HR | D9: Specialist | E9: Male | F9: 46 | G9: 44441 | I9: Active | J9: 2 | L9: 5.2 | M9: BSc | N9: 1294403.7 | O9: No | P9: 4.7 | Q9: 41-50 | R9: Very High | S9: =YEAR(Cleaned_data[[#This Row],[Date_Hired]]) -> 2021
A10: EMP-4009 | B10: Tobi Osei | C10: IT | D10: Analyst | E10: Male | F10: 36 | G10: 44840 | I10: Active | J10: 5 | L10: 14.2 | M10: MSc | N10: 618413.71 | O10: No | P10: 3.6 | Q10: 30-40 | R10: Mid | S10: =YEAR(Cleaned_data[[#This Row],[Date_Hired]]) -> 2022
A11: EMP-4010 | B11: Ngozi Nwosu | C11: HR | D11: Specialist | E11: Female | F11: 40 | G11: 44574 | I11: Active | J11: 2 | L11: 0.4 | M11: PhD | N11: 724307.49 | O11: No | P11: 4.4 | Q11: 30-40 | R11: High | S11: =YEAR(Cleaned_data[[#This Row],[Date_Hired]]) -> 2022
A12: EMP-4011 | B12: Yusuf Adeleke | C12: Finance | D12: Senior Analyst | E12: Male | F12: 27 | G12: 44815 | H12: 46040 | I12: Resigned | J12: 4 | L12: 3.3 | M12: PhD | N12: 1043804 | O12: Yes | P12: 3.4 | Q12: Under 30 | R12: Very High | S12: =YEAR(Cleaned_data[[#This Row],[Date_Hired]]) -> 2022
A13: EMP-4012 | B13: Zainab Abiodun | C13: Admin | D13: Associate | E13: Male | F13: 49 | G13: 45198 | I13: Active | J13: 1 | L13: 17.2 | M13: HND | N13: 1307309.8 | O13: No | P13: 2.7 | Q13: 41-50 | R13: Very High | S13: =YEAR(Cleaned_data[[#This Row],[Date_Hired]]) -> 2023
A14: EMP-4013 | B14: Emeka Eze | C14: Operations | D14: Executive | E14: Female | F14: 55 | G14: 44273 | I14: Active | J14: 3 | L14: 7.6 | M14: OND | N14: 648584.73 | O14: No | P14: 5.2 | Q14: Above 50 | R14: Mid | S14: =YEAR(Cleaned_data[[#This Row],[Date_Hired]]) -> 2021
A15: EMP-4014 | B15: Zainab Mohammed | C15: Operations | D15: Manager | E15: Male | F15: 30 | G15: 44203 | H15: 45808 | I15: Resigned | J15: 5 | L15: 12.5 | M15: OND | N15: 381203.33 | O15: Yes | P15: 4.4 | Q15: 30-40 | R15: Mid | S15: =YEAR(Cleaned_data[[#This Row],[Date_Hired]]) -> 2021
A16: EMP-4015 | B16: Chisom Adeleke | C16: Finance | D16: Manager | E16: Male | F16: 39 | G16: 45093 | I16: Active | J16: 3 | L16: 1.2 | M16: OND | N16: 718000 | O16: No | P16: 2.9 | Q16: 30-40 | R16: High | S16: =YEAR(Cleaned_data[[#This Row],[Date_Hired]]) -> 2023
A17: EMP-4016 | B17: Sade Suleiman | C17: HR | D17: Coordinator | E17: Male | F17: 45 | G17: 44396 | H17: 46085 | I17: Resigned | J17: 2 | L17: 9.9 | M17: OND | N17: 146963.95 | O17: Yes | P17: 4.6 | Q17: 41-50 | R17: Low | S17: =YEAR(Cleaned_data[[#This Row],[Date_Hired]]) -> 2021
A18: EMP-4017 | B18: Yusuf Danjuma | C18: Finance | D18: Manager | E18: Male | F18: 46 | G18: 45066 | I18: Active | J18: 3 | L18: 16.4 | M18: HND | N18: 1387643 | O18: No | P18: 3 | Q18: 41-50 | R18: Very High | S18: =YEAR(Cleaned_data[[#This Row],[Date_Hired]]) -> 2023
A19: EMP-4018 | B19: Tobi Mohammed | C19: HR | D19: Analyst | E19: Female | F19: 54 | G19: 44930 | I19: Active | J19: 0 | L19: 10.8 | M19: MSc | N19: 1127352.9 | O19: No | P19: 3.4 | Q19: Above 50 | R19: Very High | S19: =YEAR(Cleaned_data[[#This Row],[Date_Hired]]) -> 2023
A20: EMP-4019 | B20: Emeka Musa | C20: Marketing | D20: Director | E20: Female | F20: 58 | G20: 44360 | H20: 45331 | I20: Resigned | J20: 1 | L20: 4.2 | M20: OND | N20: 650714.82 | O20: Yes | P20: 2.7 | Q20: Above 50 | R20: Mid | S20: =YEAR(Cleaned_data[[#This Row],[Date_Hired]]) -> 2021
A21: EMP-4020 | B21: Zainab Garba | C21: Sales | D21: Associate | E21: Male | F21: 54 | G21: 44492 | I21: Active | J21: 3 | L21: 7.1 | M21: MSc | N21: 992561.84 | O21: No | P21: 4.6 | Q21: Above 50 | R21: High | S21: =YEAR(Cleaned_data[[#This Row],[Date_Hired]]) -> 2021
A22: EMP-4021 | B22: Tobi Fashola | C22: IT | D22: Coordinator | E22: Female | F22: 40 | G22: 44086 | I22: Active | J22: 1 | L22: 9.6 | M22: BSc | N22: 1068312 | O22: No | P22: 5.7 | Q22: 30-40 | R22: Very High | S22: =YEAR(Cleaned_data[[#This Row],[Date_Hired]]) -> 2020
A23: EMP-4022 | B23: Jide Okafor | C23: IT | D23: Analyst | E23: Female | F23: 48 | G23: 44351 | I23: Active | J23: 4 | L23: 17.5 | M23: BSc | N23: 955755.03 | O23: No | P23: 5 | Q23: 41-50 | R23: High | S23: =YEAR(Cleaned_data[[#This Row],[Date_Hired]]) -> 2021
A24: EMP-4023 | B24: Olu Fashola | C24: Admin | D24: Specialist | E24: Female | F24: 32 | G24: 44257 | I24: Active | J24: 5 | L24: 15 | M24: BSc | N24: 866969.06 | O24: No | P24: 5.2 | Q24: 30-40 | R24: High | S24: =YEAR(Cleaned_data[[#This Row],[Date_Hired]]) -> 2021
A25: EMP-4024 | B25: Sade Okafor | C25: Operations | D25: Specialist | E25: Female | F25: 58 | G25: 43508 | I25: Active | J25: 3 | L25: 13.1 | M25: OND | N25: 631365.7 | O25: No | P25: 7.3 | Q25: Above 50 | R25: Mid | S25: =YEAR(Cleaned_data[[#This Row],[Date_Hired]]) -> 2019
A26: EMP-4025 | B26: Halima Fashola | C26: Sales | D26: Senior Analyst | E26: Male | F26: 50 | G26: 44897 | H26: 45415 | I26: Resigned | J26: 3 | L26: 6.9 | M26: BSc | N26: 779793.35 | O26: Yes | P26: 1.4 | Q26: 41-50 | R26: High | S26: =YEAR(Cleaned_data[[#This Row],[Date_Hired]]) -> 2022
A27: EMP-4026 | B27: Jide Balogun | C27: IT | D27: Executive | E27: Female | F27: 23 | G27: 44436 | I27: Active | J27: 4 | L27: 4.6 | M27: OND | N27: 803839.55 | O27: No | P27: 4.7 | Q27: Under 30 | R27: High | S27: =YEAR(Cleaned_data[[#This Row],[Date_Hired]]) -> 2021
A28: EMP-4027 | B28: Amaka Musa | C28: HR | D28: Associate | E28: Male | F28: 27 | G28: 43528 | I28: Active | J28: 4 | L28: 5.6 | M28: HND | N28: 588950.28 | O28: No | P28: 7.2 | Q28: Under 30 | R28: Mid | S28: =YEAR(Cleaned_data[[#This Row],[Date_Hired]]) -> 2019
A29: EMP-4028 | B29: Yusuf Eze | C29: Sales | D29: Director | E29: Male | F29: 58 | G29: 44933 | H29: 45479 | I29: Resigned | J29: 3 | L29: 1.1 | M29: OND | N29: 473873.91 | O29: Yes | P29: 1.5 | Q29: Above 50 | R29: Mid | S29: =YEAR(Cleaned_data[[#This Row],[Date_Hired]]) -> 2023
A30: EMP-4029 | B30: Musa Mohammed | C30: Marketing | D30: Executive | E30: Female | F30: 52 | G30: 43969 | I30: Active | J30: 4 | L30: 14.5 | M30: OND | N30: 760893.91 | O30: No | P30: 6 | Q30: Above 50 | R30: High | S30: =YEAR(Cleaned_data[[#This Row],[Date_Hired]]) -> 2020
A31: EMP-4030 | B31: Olu Ibrahim | C31: Sales | D31: Senior Analyst | E31: Male | F31: 53 | G31: 43945 | I31: Active | J31: 5 | L31: -1.2 | M31: HND | N31: 718000 | O31: No | P31: 6.1 | Q31: Above 50 | R31: High | S31: =YEAR(Cleaned_data[[#This Row],[Date_Hired]]) -> 2020
A32: EMP-4031 | B32: Emeka Musa | C32: Sales | D32: Executive | E32: Male | F32: 23 | G32: 43557 | I32: Active | J32: 2 | L32: 15.5 | M32: OND | N32: 1434665.5 | O32: No | P32: 7.2 | Q32: Under 30 | R32: Very High | S32: =YEAR(Cleaned_data[[#This Row],[Date_Hired]]) -> 2019
A33: EMP-4032 | B33: Chidi Danjuma | C33: HR | D33: Director | E33: Female | F33: 36 | G33: 44699 | I33: Active | J33: 3 | L33: 6.6 | M33: BSc | N33: 1188750.1 | O33: No | P33: 4 | Q33: 30-40 | R33: Very High | S33: =YEAR(Cleaned_data[[#This Row],[Date_Hired]]) -> 2022
A34: EMP-4033 | B34: Emeka Musa | C34: Admin | D34: Senior Analyst | E34: Female | F34: 52 | G34: 44304 | I34: Active | J34: 1 | L34: 1 | M34: BSc | N34: 122359.87 | O34: No | P34: 5.1 | Q34: Above 50 | R34: Low | S34: =YEAR(Cleaned_data[[#This Row],[Date_Hired]]) -> 2021
A35: EMP-4034 | B35: Ada Musa | C35: Operations | D35: Specialist | E35: Male | F35: 39 | G35: 44332 | H35: 45628 | I35: Resigned | J35: 4 | L35: 0.7 | M35: HND | N35: 946761.29 | O35: Yes | P35: 3.6 | Q35: 30-40 | R35: High | S35: =YEAR(Cleaned_data[[#This Row],[Date_Hired]]) -> 2021
A36: EMP-4035 | B36: Olu Osei | C36: HR | D36: Senior Analyst | E36: Male | F36: 40 | G36: 43701 | H36: 44635 | I36: Terminated | J36: 3 | L36: 5.4 | M36: MSc | N36: 101757.79 | O36: Yes | P36: 2.6 | Q36: 30-40 | R36: Low | S36: =YEAR(Cleaned_data[[#This Row],[Date_Hired]]) -> 2019
A37: EMP-4036 | B37: Blessing Nwosu | C37: Sales | D37: Senior Analyst | E37: Male | F37: 57 | G37: 44814 | H37: 46532 | I37: Terminated | J37: 0 | L37: 14.2 | M37: BSc | N37: 1299874.5 | O37: Yes | P37: 4.7 | Q37: Above 50 | R37: Very High | S37: =YEAR(Cleaned_data[[#This Row],[Date_Hired]]) -> 2022
A38: EMP-4037 | B38: Chidi Danjuma | C38: Legal | D38: Director | E38: Female | F38: 30 | G38: 43719 | H38: 44118 | I38: Terminated | J38: 2 | L38: 12.7 | M38: PhD | N38: 1385149 | O38: Yes | P38: 1.1 | Q38: 30-40 | R38: Very High | S38: =YEAR(Cleaned_data[[#This Row],[Date_Hired]]) -> 2019
A39: EMP-4038 | B39: Remi Nwosu | C39: Legal | D39: Manager | E39: Male | F39: 23 | G39: 43706 | I39: Active | J39: 3 | L39: 8.4 | M39: PhD | N39: 118976.86 | O39: No | P39: 6.7 | Q39: Under 30 | R39: Low | S39: =YEAR(Cleaned_data[[#This Row],[Date_Hired]]) -> 2019
A40: EMP-4039 | B40: Jide Balogun | C40: Marketing | D40: Senior Analyst | E40: Female | F40: 27 | G40: 44920 | I40: Active | J40: 2 | L40: 15.4 | M40: PhD | N40: 1122494 | O40: No | P40: 3.4 | Q40: Under 30 | R40: Very High | S40: =YEAR(Cleaned_data[[#This Row],[Date_Hired]]) -> 2022
A41: EMP-4040 | B41: Femi Suleiman | C41: Legal | D41: Analyst | E41: Male | F41: 35 | G41: 43543 | H41: 44527 | I41: Terminated | J41: 5 | L41: 3.1 | M41: OND | N41: 236697.58 | O41: Yes | P41: 2.7 | Q41: 30-40 | R41: Low | S41: =YEAR(Cleaned_data[[#This Row],[Date_Hired]]) -> 2019
A42: EMP-4041 | B42: Ada Balogun | C42: IT | D42: Coordinator | E42: Female | F42: 30 | G42: 43603 | I42: Active | J42: 4 | L42: 15.5 | M42: HND | N42: 181814.04 | O42: No | P42: 7 | Q42: 30-40 | R42: Low | S42: =YEAR(Cleaned_data[[#This Row],[Date_Hired]]) -> 2019
A43: EMP-4042 | B43: Femi Okafor | C43: IT | D43: Director | E43: Female | F43: 23 | G43: 44305 | H43: 45317 | I43: Terminated | J43: 1 | L43: 19.9 | M43: BSc | N43: 441628.89 | O43: Yes | P43: 2.8 | Q43: Under 30 | R43: Mid | S43: =YEAR(Cleaned_data[[#This Row],[Date_Hired]]) -> 2021
A44: EMP-4043 | B44: Remi Okafor | C44: Finance | D44: Manager | E44: Female | F44: 40 | G44: 43660 | I44: Active | J44: 4 | L44: 6.3 | M44: BSc | N44: 698048.35 | O44: No | P44: 6.9 | Q44: 30-40 | R44: Mid | S44: =YEAR(Cleaned_data[[#This Row],[Date_Hired]]) -> 2019
A45: EMP-4044 | B45: Zainab Danjuma | C45: Sales | D45: Coordinator | E45: Female | F45: 23 | G45: 44091 | H45: 44842 | I45: Terminated | J45: 2 | L45: 18.7 | M45: BSc | N45: 201579.78 | O45: Yes | P45: 2.1 | Q45: Under 30 | R45: Low | S45: =YEAR(Cleaned_data[[#This Row],[Date_Hired]]) -> 2020
A46: EMP-4045 | B46: Ngozi Musa | C46: HR | D46: Executive | E46: Female | F46: 25 | G46: 45285 | H46: 47024 | I46: Terminated | J46: 3 | L46: 4.7 | M46: HND | N46: 718000 | O46: Yes | P46: 4.8 | Q46: Under 30 | R46: High | S46: =YEAR(Cleaned_data[[#This Row],[Date_Hired]]) -> 2023
A47: EMP-4046 | B47: Tobi Adeyemi | C47: Finance | D47: Associate | E47: Female | F47: 24 | G47: 44350 | H47: 45355 | I47: Terminated | J47: 3 | L47: 1.6 | M47: BSc | N47: 967121.22 | O47: Yes | P47: 2.8 | Q47: Under 30 | R47: High | S47: =YEAR(Cleaned_data[[#This Row],[Date_Hired]]) -> 2021
A48: EMP-4047 | B48: Musa Adeyemi | C48: Legal | D48: Coordinator | E48: Male | F48: 37 | G48: 44270 | I48: Active | J48: 5 | L48: 6.8 | M48: PhD | N48: 1048085.8 | O48: No | P48: 5.2 | Q48: 30-40 | R48: Very High | S48: =YEAR(Cleaned_data[[#This Row],[Date_Hired]]) -> 2021
A49: EMP-4048 | B49: Tayo Okonkwo | C49: Legal | D49: Associate | E49: Female | F49: 34 | G49: 43484 | I49: Active | J49: 1 | L49: 1.9 | M49: PhD | N49: 1274595.5 | O49: No | P49: 7.4 | Q49: 30-40 | R49: Very High | S49: =YEAR(Cleaned_data[[#This Row],[Date_Hired]]) -> 2019
A50: EMP-4049 | B50: Zainab Eze | C50: Sales | D50: Executive | E50: Male | F50: 36 | G50: 44423 | I50: Active | J50: 2 | L50: 15.5 | M50: HND | N50: 332588.6 | O50: No | P50: 4.8 | Q50: 30-40 | R50: Mid | S50: =YEAR(Cleaned_data[[#This Row],[Date_Hired]]) -> 2021
A51: EMP-4050 | B51: Ada Adeleke | C51: IT | D51: Associate | E51: Male | F51: 49 | G51: 44245 | H51: 44808 | I51: Resigned | J51: 5 | L51: 2 | M51: OND | N51: 1202518.9 | O51: Yes | P51: 1.5 | Q51: 41-50 | R51: Very High | S51: =YEAR(Cleaned_data[[#This Row],[Date_Hired]]) -> 2021
A52: EMP-4051 | B52: Chisom Danjuma | C52: IT | D52: Director | E52: Male | F52: 30 | G52: 44288 | I52: Active | J52: 1 | L52: 13.8 | M52: MSc | N52: 300519.62 | O52: No | P52: 5.2 | Q52: 30-40 | R52: Mid | S52: =YEAR(Cleaned_data[[#This Row],[Date_Hired]]) -> 2021
A53: EMP-4052 | B53: Remi Suleiman | C53: Finance | D53: Analyst | E53: Female | F53: 52 | G53: 44526 | H53: 45671 | I53: Resigned | J53: 3 | L53: 3.2 | M53: HND | N53: 134724.98 | O53: Yes | P53: 3.1 | Q53: Above 50 | R53: Low | S53: =YEAR(Cleaned_data[[#This Row],[Date_Hired]]) -> 2021
A54: EMP-4053 | B54: Chidi Adeleke | C54: HR | D54: Senior Analyst | E54: Female | F54: 29 | G54: 44214 | I54: Active | J54: 4 | L54: 18.4 | M54: OND | N54: 212867.47 | O54: No | P54: 5.4 | Q54: Under 30 | R54: Low | S54: =YEAR(Cleaned_data[[#This Row],[Date_Hired]]) -> 2021
A55: EMP-4054 | B55: Sade Adeyemi | C55: IT | D55: Manager | E55: Male | F55: 52 | G55: 44189 | I55: Active | J55: 10 | L55: 18.8 | M55: MSc | N55: 443985.51 | O55: No | P55: 5.4 | Q55: Above 50 | R55: Mid | S55: =YEAR(Cleaned_data[[#This Row],[Date_Hired]]) -> 2020
A56: EMP-4055 | B56: Zainab Ibrahim | C56: Admin | D56: Specialist | E56: Male | F56: 31 | G56: 45182 | I56: Active | J56: 1 | L56: 6.4 | M56: PhD | N56: 230025.85 | O56: No | P56: 2.7 | Q56: 30-40 | R56: Low | S56: =YEAR(Cleaned_data[[#This Row],[Date_Hired]]) -> 2023
A57: EMP-4056 | B57: Yusuf Abiodun | C57: Marketing | D57: Director | E57: Male | F57: 50 | G57: 44511 | I57: Active | J57: 1 | L57: 14.9 | M57: MSc | N57: 233132.05 | O57: No | P57: 4.5 | Q57: 41-50 | R57: Low | S57: =YEAR(Cleaned_data[[#This Row],[Date_Hired]]) -> 2021
A58: EMP-4057 | B58: Tobi Osei | C58: IT | D58: Specialist | E58: Male | F58: 58 | G58: 43632 | H58: 44527 | I58: Resigned | J58: 5 | L58: 6 | M58: PhD | N58: 328330.82 | O58: Yes | P58: 2.5 | Q58: Above 50 | R58: Mid | S58: =YEAR(Cleaned_data[[#This Row],[Date_Hired]]) -> 2019
A59: EMP-4058 | B59: Amaka Suleiman | C59: Sales | D59: Executive | E59: Male | F59: 28 | G59: 44866 | H59: 46251 | I59: Resigned | J59: 1 | L59: 18.7 | M59: HND | N59: 1184149.1 | O59: Yes | P59: 3.8 | Q59: Under 30 | R59: Very High | S59: =YEAR(Cleaned_data[[#This Row],[Date_Hired]]) -> 2022
A60: EMP-4059 | B60: Blessing Eze | C60: Sales | D60: Manager | E60: Female | F60: 42 | G60: 44818 | I60: Active | J60: 1 | L60: 0.9 | M60: OND | N60: 961567.63 | O60: No | P60: 3.7 | Q60: 41-50 | R60: High | S60: =YEAR(Cleaned_data[[#This Row],[Date_Hired]]) -> 2022
A61: EMP-4060 | B61: Ada Adeleke | C61: Finance | D61: Specialist | E61: Male | F61: 46 | G61: 44777 | I61: Active | J61: 2 | L61: -4.6 | M61: PhD | N61: 718000 | O61: No | P61: 3.8 | Q61: 41-50 | R61: High | S61: =YEAR(Cleaned_data[[#This Row],[Date_Hired]]) -> 2022
A62: EMP-4061 | B62: Yusuf Nwosu | C62: Admin | D62: Senior Analyst | E62: Male | F62: 51 | G62: 44246 | I62: Active | J62: 2 | L62: 9.7 | M62: PhD | N62: 1018907.4 | O62: No | P62: 5.3 | Q62: Above 50 | R62: Very High | S62: =YEAR(Cleaned_data[[#This Row],[Date_Hired]]) -> 2021
A63: EMP-4062 | B63: Tobi Musa | C63: Sales | D63: Coordinator | E63: Female | F63: 30 | G63: 44685 | I63: Active | J63: 5 | L63: 8.8 | M63: OND | N63: 780556.51 | O63: No | P63: 4.1 | Q63: 30-40 | R63: High | S63: =YEAR(Cleaned_data[[#This Row],[Date_Hired]]) -> 2022
A64: EMP-4063 | B64: Tayo Osei | C64: Legal | D64: Associate | E64: Male | F64: 30 | G64: 44644 | I64: Active | J64: 4 | L64: 3.5 | M64: HND | N64: 408153.91 | O64: No | P64: 4.2 | Q64: 30-40 | R64: Mid | S64: =YEAR(Cleaned_data[[#This Row],[Date_Hired]]) -> 2022
A65: EMP-4064 | B65: Emeka Okonkwo | C65: HR | D65: Coordinator | E65: Female | F65: 36 | G65: 44684 | I65: Active | J65: 5 | L65: 12.4 | M65: PhD | N65: 687552.88 | O65: No | P65: 4.1 | Q65: 30-40 | R65: Mid | S65: =YEAR(Cleaned_data[[#This Row],[Date_Hired]]) -> 2022
A66: EMP-4065 | B66: Tobi Okonkwo | C66: IT | D66: Senior Analyst | E66: Male | F66: 43 | G66: 43938 | H66: 45074 | I66: Terminated | J66: 2 | L66: 12.4 | M66: OND | N66: 630800.52 | O66: Yes | P66: 3.1 | Q66: 41-50 | R66: Mid | S66: =YEAR(Cleaned_data[[#This Row],[Date_Hired]]) -> 2020
A67: EMP-4066 | B67: Seun Abiodun | C67: Admin | D67: Associate | E67: Male | F67: 43 | G67: 43494 | I67: Active | J67: 4 | L67: 18.8 | M67: HND | N67: 1395490.7 | O67: No | P67: 7.3 | Q67: 41-50 | R67: Very High | S67: =YEAR(Cleaned_data[[#This Row],[Date_Hired]]) -> 2019
A68: EMP-4067 | B68: Jide Fashola | C68: Marketing | D68: Specialist | E68: Female | F68: 26 | G68: 43580 | I68: Active | J68: 2 | L68: 13.8 | M68: OND | N68: 1441418.6 | O68: No | P68: 7.1 | Q68: Under 30 | R68: Very High | S68: =YEAR(Cleaned_data[[#This Row],[Date_Hired]]) -> 2019
A69: EMP-4068 | B69: Blessing Adeleke | C69: Marketing | D69: Senior Analyst | E69: Male | F69: 39 | G69: 44399 | I69: Active | J69: 1 | L69: 8.4 | M69: MSc | N69: 672132.95 | O69: No | P69: 4.9 | Q69: 30-40 | R69: Mid | S69: =YEAR(Cleaned_data[[#This Row],[Date_Hired]]) -> 2021
A70: EMP-4069 | B70: Sade Nwosu | C70: Sales | D70: Manager | E70: Female | F70: 44 | G70: 45180 | H70: 46148 | I70: Resigned | J70: 3 | L70: 18.9 | M70: HND | N70: 940479.45 | O70: Yes | P70: 2.7 | Q70: 41-50 | R70: High | S70: =YEAR(Cleaned_data[[#This Row],[Date_Hired]]) -> 2023
A71: EMP-4070 | B71: Chidi Danjuma | C71: Admin | D71: Manager | E71: Male | F71: 48 | G71: 43638 | H71: 45448 | I71: Terminated | J71: 3 | L71: 11 | M71: BSc | N71: 1461221.2 | O71: Yes | P71: 5 | Q71: 41-50 | R71: Very High | S71: =YEAR(Cleaned_data[[#This Row],[Date_Hired]]) -> 2019
A72: EMP-4071 | B72: Emeka Ibrahim | C72: Marketing | D72: Analyst | E72: Male | F72: 35 | G72: 43591 | H72: 45285 | I72: Terminated | J72: 5 | L72: 18.1 | M72: PhD | N72: 684195.57 | O72: Yes | P72: 4.6 | Q72: 30-40 | R72: Mid | S72: =YEAR(Cleaned_data[[#This Row],[Date_Hired]]) -> 2019
A73: EMP-4072 | B73: Olu Suleiman | C73: HR | D73: Coordinator | E73: Female | F73: 43 | G73: 44667 | H73: 45435 | I73: Resigned | J73: 0 | L73: 2.7 | M73: MSc | N73: 479788.22 | O73: Yes | P73: 2.1 | Q73: 41-50 | R73: Mid | S73: =YEAR(Cleaned_data[[#This Row],[Date_Hired]]) -> 2022
A74: EMP-4073 | B74: Halima Fashola | C74: Legal | D74: Specialist | E74: Male | F74: 56 | G74: 44299 | H74: 44786 | I74: Terminated | J74: 1 | L74: 12.4 | M74: OND | N74: 934800.46 | O74: Yes | P74: 1.3 | Q74: Above 50 | R74: High | S74: =YEAR(Cleaned_data[[#This Row],[Date_Hired]]) -> 2021
A75: EMP-4074 | B75: Chidi Okafor | C75: Finance | D75: Analyst | E75: Male | F75: 58 | G75: 44402 | I75: Active | J75: 1 | L75: 14 | M75: BSc | N75: 1107539.3 | O75: No | P75: 4.8 | Q75: Above 50 | R75: Very High | S75: =YEAR(Cleaned_data[[#This Row],[Date_Hired]]) -> 2021
A76: EMP-4075 | B76: Chidi Okafor | C76: Sales | D76: Associate | E76: Female | F76: 38 | G76: 43928 | H76: 44163 | I76: Resigned | J76: 2 | L76: 16.6 | M76: PhD | N76: 718000 | O76: Yes | P76: 0.6 | Q76: 30-40 | R76: High | S76: =YEAR(Cleaned_data[[#This Row],[Date_Hired]]) -> 2020
A77: EMP-4076 | B77: Emeka Adeyemi | C77: IT | D77: Director | E77: Male | F77: 33 | G77: 43960 | I77: Active | J77: 2 | L77: 13.4 | M77: MSc | N77: 159893.42 | O77: No | P77: 6.1 | Q77: 30-40 | R77: Low | S77: =YEAR(Cleaned_data[[#This Row],[Date_Hired]]) -> 2020
A78: EMP-4077 | B78: Musa Nwosu | C78: Sales | D78: Manager | E78: Female | F78: 40 | G78: 45012 | I78: Active | J78: 1 | L78: 5.9 | M78: BSc | N78: 1158196.6 | O78: No | P78: 3.2 | Q78: 30-40 | R78: Very High | S78: =YEAR(Cleaned_data[[#This Row],[Date_Hired]]) -> 2023
A79: EMP-4078 | B79: Jide Eze | C79: Sales | D79: Associate | E79: Female | F79: 49 | G79: 44806 | H79: 45818 | I79: Resigned | J79: 1 | L79: 19 | M79: OND | N79: 1065867.5 | O79: Yes | P79: 2.8 | Q79: 41-50 | R79: Very High | S79: =YEAR(Cleaned_data[[#This Row],[Date_Hired]]) -> 2022
A80: EMP-4079 | B80: Sade Okonkwo | C80: Admin | D80: Analyst | E80: Female | F80: 23 | G80: 43531 | H80: 43989 | I80: Terminated | J80: 1 | L80: 3.2 | M80: MSc | N80: 821058.13 | O80: Yes | P80: 1.3 | Q80: Under 30 | R80: High | S80: =YEAR(Cleaned_data[[#This Row],[Date_Hired]]) -> 2019
A81: EMP-4080 | B81: Ngozi Okonkwo | C81: IT | D81: Analyst | E81: Female | F81: 34 | G81: 43995 | H81: 45103 | I81: Terminated | J81: 1 | L81: 16.4 | M81: BSc | N81: 938504.62 | O81: Yes | P81: 3 | Q81: 30-40 | R81: High | S81: =YEAR(Cleaned_data[[#This Row],[Date_Hired]]) -> 2020
A82: EMP-4080 | B82: Chisom Balogun | C82: HR | D82: Executive | E82: Female | F82: 27 | G82: 45279 | I82: Active | J82: 1 | L82: 1.7 | M82: BSc | N82: 264131.54 | O82: No | P82: 2.4 | Q82: Under 30 | R82: Low | S82: =YEAR(Cleaned_data[[#This Row],[Date_Hired]]) -> 2023
A83: EMP-4082 | B83: Chidi Osei | C83: Admin | D83: Coordinator | E83: Female | F83: 50 | G83: 44228 | H83: 45640 | I83: Resigned | J83: 1 | L83: 2.5 | M83: OND | N83: 137072.72 | O83: Yes | P83: 3.9 | Q83: 41-50 | R83: Low | S83: =YEAR(Cleaned_data[[#This Row],[Date_Hired]]) -> 2021
A84: EMP-4083 | B84: Remi Suleiman | C84: Operations | D84: Coordinator | E84: Female | F84: 56 | G84: 44398 | I84: Active | J84: 4 | L84: 14.8 | M84: BSc | N84: 437271.07 | O84: No | P84: 4.9 | Q84: Above 50 | R84: Mid | S84: =YEAR(Cleaned_data[[#This Row],[Date_Hired]]) -> 2021
A85: EMP-4084 | B85: Jide Abiodun | C85: Finance | D85: Manager | E85: feMale | F85: 49 | G85: 44010 | I85: Active | J85: 1 | L85: 7.4 | M85: HND | N85: 884231.78 | O85: No | P85: 5.9 | Q85: 41-50 | R85: High | S85: =YEAR(Cleaned_data[[#This Row],[Date_Hired]]) -> 2020
A86: EMP-4085 | B86: Chisom Nwosu | C86: Sales | D86: Associate | E86: Male | F86: 50 | G86: 44742 | I86: Active | J86: 4 | L86: 11.9 | M86: PhD | N86: 945722.23 | O86: No | P86: 3.9 | Q86: 41-50 | R86: High | S86: =YEAR(Cleaned_data[[#This Row],[Date_Hired]]) -> 2022
A87: EMP-4086 | B87: Ada Okonkwo | C87: Legal | D87: Coordinator | E87: Male | F87: 24 | G87: 44506 | I87: Active | J87: 1 | L87: 0.2 | M87: BSc | N87: 1260548.4 | O87: No | P87: 4.6 | Q87: Under 30 | R87: Very High | S87: =YEAR(Cleaned_data[[#This Row],[Date_Hired]]) -> 2021
A88: EMP-4087 | B88: Zainab Nwosu | C88: Sales | D88: Coordinator | E88: Female | F88: 45 | G88: 43823 | H88: 44250 | I88: Resigned | J88: 3 | L88: 3.3 | M88: HND | N88: 256774.06 | O88: Yes | P88: 1.2 | Q88: 41-50 | R88: Low | S88: =YEAR(Cleaned_data[[#This Row],[Date_Hired]]) -> 2019
A89: EMP-4088 | B89: Ada Nwosu | C89: IT | D89: Associate | E89: Male | F89: 30 | G89: 44925 | H89: 45730 | I89: Terminated | J89: 5 | L89: 12.5 | M89: OND | N89: 625290.79 | O89: Yes | P89: 2.2 | Q89: 30-40 | R89: Mid | S89: =YEAR(Cleaned_data[[#This Row],[Date_Hired]]) -> 2022
A90: EMP-4089 | B90: Ngozi Ibrahim | C90: Finance | D90: Senior Analyst | E90: Male | F90: 39 | G90: 44204 | H90: 45814 | I90: Terminated | J90: 2 | L90: 3.4 | M90: BSc | N90: 127975.76 | O90: Yes | P90: 4.4 | Q90: 30-40 | R90: Low | S90: =YEAR(Cleaned_data[[#This Row],[Date_Hired]]) -> 2021
A91: EMP-4090 | B91: Sade Abiodun | C91: IT | D91: Specialist | E91: Female | F91: 27 | G91: 44528 | I91: Active | J91: 0 | L91: -3.9 | M91: HND | N91: 718000 | O91: No | P91: 4.5 | Q91: Under 30 | R91: High | S91: =YEAR(Cleaned_data[[#This Row],[Date_Hired]]) -> 2021
A92: EMP-4091 | B92: Chidi Okonkwo | C92: Sales | D92: Coordinator | E92: Female | F92: 48 | G92: 43580 | I92: Active | J92: 3 | L92: 2.7 | M92: MSc | N92: 1171379.1 | O92: No | P92: 7.1 | Q92: 41-50 | R92: Very High | S92: =YEAR(Cleaned_data[[#This Row],[Date_Hired]]) -> 2019
A93: EMP-4092 | B93: Blessing Osei | C93: HR | D93: Senior Analyst | E93: Male | F93: 48 | G93: 45033 | I93: Active | J93: 3 | L93: 7.7 | M93: HND | N93: 335064.97 | O93: No | P93: 3.1 | Q93: 41-50 | R93: Mid | S93: =YEAR(Cleaned_data[[#This Row],[Date_Hired]]) -> 2023
A94: EMP-4093 | B94: Emeka Musa | C94: Sales | D94: Coordinator | E94: Female | F94: 38 | G94: 44039 | I94: Active | J94: 2 | L94: 13.4 | M94: MSc | N94: 699445.76 | O94: No | P94: 5.8 | Q94: 30-40 | R94: Mid | S94: =YEAR(Cleaned_data[[#This Row],[Date_Hired]]) -> 2020
A95: EMP-4094 | B95: Musa Adeleke | C95: Sales | D95: Coordinator | E95: Female | F95: 54 | G95: 44438 | I95: Active | J95: 2 | L95: 6.4 | M95: HND | N95: 88861.14 | O95: No | P95: 4.7 | Q95: Above 50 | R95: Low | S95: =YEAR(Cleaned_data[[#This Row],[Date_Hired]]) -> 2021
A96: EMP-4095 | B96: Nkechi Okonkwo | C96: HR | D96: Specialist | E96: Male | F96: 47 | G96: 43592 | I96: Active | J96: 5 | L96: 3.9 | M96: BSc | N96: 614800.73 | O96: No | P96: 7.1 | Q96: 41-50 | R96: Mid | S96: =YEAR(Cleaned_data[[#This Row],[Date_Hired]]) -> 2019
A97: EMP-4096 | B97: Olu Adeyemi | C97: IT | D97: Manager | E97: Male | F97: 48 | G97: 44848 | H97: 45695 | I97: Resigned | J97: 5 | L97: 3.6 | M97: HND | N97: 815266.47 | O97: Yes | P97: 2.3 | Q97: 41-50 | R97: High | S97: =YEAR(Cleaned_data[[#This Row],[Date_Hired]]) -> 2022
A98: EMP-4097 | B98: Blessing Suleiman | C98: IT | D98: Senior Analyst | E98: Male | F98: 46 | G98: 44713 | I98: Active | J98: 3 | L98: 13 | M98: HND | N98: 1120160.4 | O98: No | P98: 4 | Q98: 41-50 | R98: Very High | S98: =YEAR(Cleaned_data[[#This Row],[Date_Hired]]) -> 2022
A99: EMP-4098 | B99: Blessing Mohammed | C99: HR | D99: Executive | E99: Male | F99: 27 | G99: 43706 | H99: 45357 | I99: Resigned | J99: 4 | L99: 6.7 | M99: OND | N99: 715390.14 | O99: Yes | P99: 4.5 | Q99: Under 30 | R99: High | S99: =YEAR(Cleaned_data[[#This Row],[Date_Hired]]) -> 2019
A100: EMP-4099 | B100: Musa Adeleke | C100: Finance | D100: Manager | E100: Male | F100: 38 | G100: 44198 | I100: Active | J100: 4 | L100: 1 | M100: BSc | N100: 1324827.7 | O100: No | P100: 5.4 | Q100: 30-40 | R100: Very High | S100: =YEAR(Cleaned_data[[#This Row],[Date_Hired]]) -> 2021
...

Sheet Dim_salary
A1: Employee_ID | B1: Date_Hired | C1: Salary_NG | D1: Salary_band
A2: EMP-4001 | B2: 44065 | C2: 872210.52 | D2: High
A3: EMP-4002 | B3: 45089 | C3: 339681.12 | D3: Mid
A4: EMP-4003 | B4: 43632 | C4: 925355.42 | D4: High
A5: EMP-4004 | B5: 43685 | C5: 970438.15 | D5: High
A6: EMP-4005 | B6: 44434 | C6: 276446.95 | D6: Low
A7: EMP-4006 | B7: 43991 | C7: 159457.66 | D7: Low
A8: EMP-4007 | B8: 45136 | C8: 168321.51 | D8: Low
A9: EMP-4008 | B9: 44441 | C9: 1294403.7 | D9: Very High
A10: EMP-4009 | B10: 44840 | C10: 618413.71 | D10: Mid
A11: EMP-4010 | B11: 44574 | C11: 724307.49 | D11: High
A12: EMP-4011 | B12: 44815 | C12: 1043804 | D12: Very High
A13: EMP-4012 | B13: 45198 | C13: 1307309.8 | D13: Very High
... A201: EMP-4200 | B201: 44993 | C201: 978536.82 | D201: High

Sheet pivot_table
A1: Row Labels | B1: Count of Employee_ID | D1: Count of Employee_ID | E1: Column Labels | I1: Row Labels | J1: Count of Employee_ID
A2: IT | B2: 13 | D2: Row Labels | E2: No | F2: Yes | G2: Grand Total | I2: 0 | J2: 1 | M2: Row Labels | N2: Sum of Salary_NG
A3: Sales | B3: 5 | D3: Admin | F3: 1 | G3: 1 | I3: 1 | J3: 4 | M3: 30-40 | N3: 0.30933796
A4: Finance | B4: 4 | D4: Finance | E4: 1 | F4: 3 | G4: 4 | I4: 2 | J4: 10 | M4: 41-50 | N4: 0.28891155
A5: HR | B5: 3 | D5: HR | E5: 1 | F5: 2 | G5: 3 | I5: 3 | J5: 2 | M5: Above 50 | N5: 0.22901253
A6: Marketing | B6: 3 | D6: IT | E6: 7 | F6: 6 | G6: 13 | I6: 4 | J6: 5 | M6: Under 30 | N6: 0.17273796
A7: Legal | B7: 2 | D7: Legal | E7: 1 | F7: 1 | G7: 2 | I7: 5 | J7: 8 | M7: Grand Total | N7: 1
A8: Admin | B8: 1 | D8: Marketing | E8: 3 | G8: 3 | I8: 10 | J8: 1
A9: Grand Total | B9: 31 | D9: Sales | E9: 2 | F9: 3 | G9: 5 | I9: Grand Total | J9: 31
D10: Grand Total | E10: 15 | F10: 16 | G10: 31
K11: Row Labels | L11: Count of Employee_ID
K12: 2019 | L12: 44
A13: Row Labels | B13: Average of Salary_NG | D13: Row Labels | E13: Count of Employee_ID | H13: Row Labels | I13: Count of Employee_ID | K13: 2020 | L13: 31
A14: Specialist | B14: 845290.25 | D14: Female | E14: 0.67741935 | H14: 30-40 | I14: 12 | K14: 2021 | L14: 56
A15: Coordinator | B15: 744362.17 | D15: Male | E15: 0.32258065 | H15: 41-50 | I15: 8 | K15: 2022 | L15: 39
A16: Executive | B16: 637477.07 | D16: Grand Total | E16: 1 | H16: Above 50 | I16: 6 | K16: 2023 | L16: 30
A17: Manager | B17: 613145.45 | H17: Under 30 | I17: 5 | K17: Grand Total | L17: 200
A18: Analyst | B18: 600227.46 | E18: Average of Salary_NG2 | H18: Grand Total | I18: 31
A19: Director | B19: 583367.98 | D19: Finance | E19: 468764.03 | K19: Row Labels | L19: Sum of Performance_Score
A20: Senior Analyst | B20: 563990.11 | D20: Sales | E20: 496933.75 | H20: Row Labels | I20: Count of Employee_ID | K20: 2019 | L20: 142
A21: Associate | B21: 549020.37 | D21: Admin | E21: 552212.23 | H21: Very High | I21: 4 | K21: 2020 | L21: 100
A22: Grand Total | B22: 650560.42 | D22: IT | E22: 689411.48 | H22: Mid | I22: 11 | K22: 2021 | L22: 151
D23: Marketing | E23: 736419.13 | H23: Low | I23: 5 | K23: 2022 | L23: 116
A24: Row Labels | B24: Average of Salary_NG | D24: HR | E24: 790848.59 | H24: High | I24: 11 | K24: 2023 | L24: 75
A25: PhD | B25: 838088.41 | D25: Legal | E25: 855641.84 | H25: Grand Total | I25: 31 | K25: Grand Total | L25: 584
A26: HND | B26: 784817.82 | D26: Grand Total | E26: 650560.42
A27: BSc | B27: 664223.81 | H27: Row Labels | I27: Count of Employee_ID
A28: OND | B28: 647351.8 | H28: Active | I28: 0.48387097
A29: MSc | B29: 483361.71 | H29: Resigned | I29: 0.22580645
A30: Grand Total | B30: 650560.42 | H30: Terminated | I30: 0.29032258
H31: Grand Total | I31: 1

Sheet workforce

Sheet performance

Sheet Dim_Department
A1: DepartmentID | B1: DepartmentName | C1: DepartmentHead
A2: D001 | B2: HR | C2: TBD
A3: D002 | B3: Finance | C3: TBD
A4: D003 | B4: IT | C4: TBD
A5: D004 | B5: Marketing | C5: TBD
A6: D005 | B6: Operations | C6: TBD
A7: D006 | B7: Sales | C7: TBD
A8: D007 | B8: Legal | C8: TBD
A9: D008 | B9: Admin | C9: TB

Sheet Dim_Performance
A1: Employee_ID | B1: Performance_Score | C1: Years_Experience | D1: Attrition
A2: EMP-4001 | B2: 5 | C2: 4.8 | D2: No
A3: EMP-4002 | B3: 3 | C3: 2.3 | D3: Yes
A4: EMP-4003 | B4: 5 | C4: 1.5 | D4: Yes
A5: EMP-4004 | B5: 5 | C5: 19.5 | D5: No
A6: EMP-4005 | B6: 4 | C6: 0.3 | D6: No
A7: EMP-4006 | B7: 4 | C7: 16.5 | D7: Yes
A8: EMP-4007 | B8: 4 | C8: 2.9 | D8: Yes
A9: EMP-4008 | B9: 2 | C9: 5.2 | D9: No
A10: EMP-4009 | B10: 5 | C10: 14.2 | D10: No
A11: EMP-4010 | B11: 2 | C11: 0.4 | D11: No
A12: EMP-4011 | B12: 4 | C12: 3.3 | D12: Yes
A13: EMP-4012 | B13: 1 | C13: 17.2 | D13: No
... A201: EMP-4200 | B201: 5 | C201: 6.1 | D201: Yes

Sheet Summary_Template
A1: HR DATA ANALYSIS — SUMMARY
A3: Metric | B3: Value / Formula
A4: Total Employees | B4: =COUNTA(Raw_HR_Data!A2:A201) -> 200
A5: Active Employees | B5: =COUNTIF(Raw_HR_Data!I2:I201,"Active") -> 119
A6: Attrition Count | B6: =COUNTIF(Raw_HR_Data!N2:N201,"Yes") -> 76
A7: Attrition Rate | B7: =COUNTIF(Raw_HR_Data!N2:N201,"Yes")/COUNTA(Raw_HR_Data!N2:N201) -> 0.39790576
A8: Avg Salary (NGN) | B8: =AVERAGEIF(Raw_HR_Data!J2:J201,">0",Raw_HR_Data!J2:J201) -> 720004.67
A9: Avg Performance Score | B9: =AVERAGEIF(Raw_HR_Data!K2:K201,"<=5",Raw_HR_Data!K2:K201) -> 2.8121827
A10: Avg Years Experience | B10: =AVERAGEIF(Raw_HR_Data!L2:L201,">=0",Raw_HR_Data!L2:L201) -> 9.3515464
A11: Largest Department | B11: Use COUNTIF after cleaning
A12: Top Education Level | B12: Use COUNTIF after cleaning
